date,program_version,session,exercise,exercise_order,set_number,load_kg,reps,rir,rest_seconds,notes
"2026-10-05","PPL-001","Push","Incline Barbell Bench Press","1","1","60","7","2","240",""
"2026-10-05","PPL-001","Push","Incline Barbell Bench Press","1","2","60","8","2","300",""
"2026-10-05","PPL-001","Push","Incline Barbell Bench Press","1","3","60","9","1","300",""
"2026-10-05","PPL-001","Push","Flat Dumbbell Press","2","1","26","8","2","240",""
"2026-10-05","PPL-001","Push","Flat Dumbbell Press","2","2","26","8","2","240",""
"2026-10-05","PPL-001","Push","Flat Dumbbell Press","2","3","26","8","0","240",""
"2026-10-05","PPL-001","Push","Pec Deck","3","1","7","8","0","240",""
"2026-10-05","PPL-001","Push","Pec Deck","3","2","5","15","0","180",""
"2026-10-05","PPL-001","Push","Dumbbell Lateral Raise","4","1","8","7","0","240",""
"2026-10-05","PPL-001","Push","Dumbbell Lateral Raise","4","2","6","10","0","180",""
"2026-10-05","PPL-001","Push","Dumbbell Lateral Raise","4","3","6","11","0","180",""
"2026-10-05","PPL-001","Push","Dumbbell Lateral Raise","4","4","6","10","1","180",""
"2026-10-05","PPL-001","Push","Rope Triceps Pushdown","5","1","9","8","0","120",""
"2026-10-05","PPL-001","Push","Rope Triceps Pushdown","5","2","13","6","0","120",""
"2026-10-05","PPL-001","Push","Rope Triceps Pushdown","5","3","11","6","0","120",""
"2026-10-05","PPL-001","Push","abs crunches","6","1","13","18","2","180",""
"2026-10-05","PPL-001","Push","abs crunches","6","2","15","10","","180","RIR no registrado; no estoy seguro del RIR."
